facility_id,facility_name,hour,day_of_week,current_occupancy,capacity,occupancy_ratio,overcrowding
1,Library,8,0,114,200,0.572,0
1,Library,9,0,95,200,0.474,0
1,Library,10,0,103,200,0.514,0
1,Library,11,0,101,200,0.506,0
1,Library,12,0,118,200,0.588,0
1,Library,13,0,116,200,0.578,0
1,Library,14,0,189,200,0.943,1
1,Library,15,0,163,200,0.814,0
1,Library,16,0,174,200,0.868,0
1,Library,17,0,161,200,0.805,0
1,Library,18,0,167,200,0.835,0
1,Library,19,0,176,200,0.881,0
1,Library,20,0,161,200,0.804,0
1,Library,8,1,100,200,0.502,0
1,Library,9,1,115,200,0.574,0
1,Library,10,1,111,200,0.557,0
1,Library,11,1,101,200,0.505,0
1,Library,12,1,113,200,0.564,0
1,Library,13,1,120,200,0.6,0
1,Library,14,1,160,200,0.801,0
1,Library,15,1,186,200,0.929,1
1,Library,16,1,182,200,0.912,1
1,Library,17,1,171,200,0.854,0
1,Library,18,1,165,200,0.825,0
1,Library,19,1,191,200,0.953,1
1,Library,20,1,171,200,0.854,0
1,Library,8,2,97,200,0.485,0
1,Library,9,2,97,200,0.485,0
1,Library,10,2,121,200,0.606,0
1,Library,11,2,113,200,0.567,0
1,Library,12,2,120,200,0.599,0
1,Library,13,2,117,200,0.587,0
1,Library,14,2,177,200,0.886,0
1,Library,15,2,191,200,0.956,1
1,Library,16,2,172,200,0.861,0
1,Library,17,2,178,200,0.888,0
1,Library,18,2,187,200,0.933,1
1,Library,19,2,180,200,0.899,0
1,Library,20,2,188,200,0.938,1
1,Library,8,3,112,200,0.562,0
1,Library,9,3,117,200,0.583,0
1,Library,10,3,95,200,0.477,0
1,Library,11,3,101,200,0.506,0
1,Library,12,3,103,200,0.516,0
1,Library,13,3,97,200,0.483,0
1,Library,14,3,167,200,0.837,0
1,Library,15,3,163,200,0.816,0
1,Library,16,3,169,200,0.844,0
1,Library,17,3,180,200,0.902,1
1,Library,18,3,172,200,0.858,0
1,Library,19,3,172,200,0.859,0
1,Library,20,3,167,200,0.834,0
1,Library,8,4,103,200,0.513,0
1,Library,9,4,124,200,0.62,0
1,Library,10,4,115,200,0.574,0
1,Library,11,4,113,200,0.567,0
1,Library,12,4,99,200,0.497,0
1,Library,13,4,117,200,0.587,0
1,Library,14,4,165,200,0.826,0
1,Library,15,4,172,200,0.861,0
1,Library,16,4,192,200,0.958,1
1,Library,17,4,180,200,0.902,1
1,Library,18,4,178,200,0.889,0
1,Library,19,4,182,200,0.91,1
1,Library,20,4,187,200,0.935,1
1,Library,8,5,119,200,0.594,0
1,Library,9,5,101,200,0.507,0
1,Library,10,5,95,200,0.475,0
1,Library,11,5,104,200,0.52,0
1,Library,12,5,103,200,0.513,0
1,Library,13,5,101,200,0.504,0
1,Library,14,5,190,200,0.951,1
1,Library,15,5,188,200,0.94,1
1,Library,16,5,170,200,0.85,0
1,Library,17,5,181,200,0.905,1
1,Library,18,5,173,200,0.863,0
1,Library,19,5,189,200,0.946,1
1,Library,20,5,175,200,0.873,0
1,Library,8,6,102,200,0.512,0
1,Library,9,6,102,200,0.509,0
1,Library,10,6,112,200,0.56,0
1,Library,11,6,102,200,0.512,0
1,Library,12,6,113,200,0.564,0
1,Library,13,6,123,200,0.614,0
1,Library,14,6,173,200,0.864,0
1,Library,15,6,167,200,0.835,0
1,Library,16,6,192,200,0.96,1
1,Library,17,6,176,200,0.882,0
1,Library,18,6,163,200,0.815,0
1,Library,19,6,162,200,0.808,0
1,Library,20,6,164,200,0.818,0
2,Canteen,8,0,210,500,0.42,0
2,Canteen,9,0,223,500,0.447,0
2,Canteen,10,0,194,500,0.388,0
2,Canteen,11,0,165,500,0.33,0
2,Canteen,12,0,451,500,0.901,1
2,Canteen,13,0,500,500,0.999,1
2,Canteen,14,0,462,500,0.925,1
2,Canteen,15,0,238,500,0.475,0
2,Canteen,16,0,229,500,0.458,0
2,Canteen,17,0,311,500,0.622,0
2,Canteen,18,0,368,500,0.735,0
2,Canteen,19,0,365,500,0.729,0
2,Canteen,20,0,203,500,0.406,0
2,Canteen,8,1,181,500,0.363,0
2,Canteen,9,1,211,500,0.423,0
2,Canteen,10,1,169,500,0.338,0
2,Canteen,11,1,195,500,0.39,0
2,Canteen,12,1,456,500,0.913,1
2,Canteen,13,1,496,500,0.993,1
2,Canteen,14,1,490,500,0.98,1
2,Canteen,15,1,181,500,0.362,0
2,Canteen,16,1,200,500,0.4,0
2,Canteen,17,1,324,500,0.649,0
2,Canteen,18,1,383,500,0.766,0
2,Canteen,19,1,380,500,0.759,0
2,Canteen,20,1,184,500,0.368,0
2,Canteen,8,2,211,500,0.422,0
2,Canteen,9,2,209,500,0.417,0
2,Canteen,10,2,172,500,0.344,0
2,Canteen,11,2,221,500,0.442,0
2,Canteen,12,2,463,500,0.926,1
2,Canteen,13,2,482,500,0.965,1
2,Canteen,14,2,462,500,0.925,1
2,Canteen,15,2,160,500,0.32,0
2,Canteen,16,2,186,500,0.372,0
2,Canteen,17,2,312,500,0.623,0
2,Canteen,18,2,384,500,0.769,0
2,Canteen,19,2,380,500,0.761,0
2,Canteen,20,2,227,500,0.453,0
2,Canteen,8,3,185,500,0.369,0
2,Canteen,9,3,165,500,0.329,0
2,Canteen,10,3,230,500,0.46,0
2,Canteen,11,3,236,500,0.472,0
2,Canteen,12,3,427,500,0.854,0
2,Canteen,13,3,459,500,0.918,1
2,Canteen,14,3,426,500,0.851,0
2,Canteen,15,3,221,500,0.442,0
2,Canteen,16,3,221,500,0.443,0
2,Canteen,17,3,320,500,0.641,0
2,Canteen,18,3,348,500,0.696,0
2,Canteen,19,3,354,500,0.708,0
2,Canteen,20,3,181,500,0.362,0
2,Canteen,8,4,230,500,0.46,0
2,Canteen,9,4,194,500,0.388,0
2,Canteen,10,4,177,500,0.354,0
2,Canteen,11,4,203,500,0.406,0
2,Canteen,12,4,478,500,0.957,1
2,Canteen,13,4,436,500,0.872,0
2,Canteen,14,4,445,500,0.89,0
2,Canteen,15,4,240,500,0.479,0
2,Canteen,16,4,212,500,0.424,0
2,Canteen,17,4,345,500,0.69,0
2,Canteen,18,4,351,500,0.703,0
2,Canteen,19,4,320,500,0.639,0
2,Canteen,20,4,178,500,0.356,0
2,Canteen,8,5,187,500,0.374,0
2,Canteen,9,5,207,500,0.414,0
2,Canteen,10,5,178,500,0.357,0
2,Canteen,11,5,178,500,0.355,0
2,Canteen,12,5,426,500,0.851,0
2,Canteen,13,5,470,500,0.941,1
2,Canteen,14,5,438,500,0.877,0
2,Canteen,15,5,232,500,0.465,0
2,Canteen,16,5,229,500,0.458,0
2,Canteen,17,5,316,500,0.631,0
2,Canteen,18,5,329,500,0.658,0
2,Canteen,19,5,364,500,0.727,0
2,Canteen,20,5,177,500,0.354,0
2,Canteen,8,6,171,500,0.341,0
2,Canteen,9,6,235,500,0.47,0
2,Canteen,10,6,206,500,0.411,0
2,Canteen,11,6,198,500,0.396,0
2,Canteen,12,6,483,500,0.966,1
2,Canteen,13,6,485,500,0.969,1
2,Canteen,14,6,435,500,0.87,0
2,Canteen,15,6,168,500,0.336,0
2,Canteen,16,6,194,500,0.389,0
2,Canteen,17,6,344,500,0.688,0
2,Canteen,18,6,347,500,0.695,0
2,Canteen,19,6,368,500,0.737,0
2,Canteen,20,6,214,500,0.428,0
3,Parking,8,0,299,300,0.997,1
3,Parking,9,0,257,300,0.856,0
3,Parking,10,0,271,300,0.904,1
3,Parking,11,0,97,300,0.324,0
3,Parking,12,0,122,300,0.408,0
3,Parking,13,0,93,300,0.31,0
3,Parking,14,0,90,300,0.3,0
3,Parking,15,0,103,300,0.342,0
3,Parking,16,0,101,300,0.338,0
3,Parking,17,0,94,300,0.315,0
3,Parking,18,0,93,300,0.31,0
3,Parking,19,0,125,300,0.418,0
3,Parking,20,0,102,300,0.341,0
3,Parking,8,1,293,300,0.978,1
3,Parking,9,1,278,300,0.928,1
3,Parking,10,1,254,300,0.848,0
3,Parking,11,1,129,300,0.43,0
3,Parking,12,1,121,300,0.404,0
3,Parking,13,1,128,300,0.425,0
3,Parking,14,1,125,300,0.418,0
3,Parking,15,1,122,300,0.406,0
3,Parking,16,1,89,300,0.297,0
3,Parking,17,1,104,300,0.348,0
3,Parking,18,1,91,300,0.304,0
3,Parking,19,1,100,300,0.334,0
3,Parking,20,1,84,300,0.279,0
3,Parking,8,2,270,300,0.901,1
3,Parking,9,2,299,300,0.998,1
3,Parking,10,2,265,300,0.882,0
3,Parking,11,2,119,300,0.395,0
3,Parking,12,2,103,300,0.343,0
3,Parking,13,2,101,300,0.338,0
3,Parking,14,2,127,300,0.423,0
3,Parking,15,2,129,300,0.429,0
3,Parking,16,2,108,300,0.359,0
3,Parking,17,2,115,300,0.385,0
3,Parking,18,2,88,300,0.295,0
3,Parking,19,2,95,300,0.317,0
3,Parking,20,2,127,300,0.425,0
3,Parking,8,3,280,300,0.933,1
3,Parking,9,3,278,300,0.927,1
3,Parking,10,3,288,300,0.96,1
3,Parking,11,3,84,300,0.279,0
3,Parking,12,3,109,300,0.363,0
3,Parking,13,3,105,300,0.35,0
3,Parking,14,3,122,300,0.406,0
3,Parking,15,3,89,300,0.295,0
3,Parking,16,3,127,300,0.424,0
3,Parking,17,3,85,300,0.283,0
3,Parking,18,3,90,300,0.3,0
3,Parking,19,3,110,300,0.365,0
3,Parking,20,3,113,300,0.378,0
3,Parking,8,4,263,300,0.878,0
3,Parking,9,4,258,300,0.859,0
3,Parking,10,4,295,300,0.982,1
3,Parking,11,4,93,300,0.309,0
3,Parking,12,4,110,300,0.365,0
3,Parking,13,4,111,300,0.369,0
3,Parking,14,4,101,300,0.337,0
3,Parking,15,4,109,300,0.363,0
3,Parking,16,4,106,300,0.354,0
3,Parking,17,4,126,300,0.42,0
3,Parking,18,4,91,300,0.303,0
3,Parking,19,4,115,300,0.385,0
3,Parking,20,4,92,300,0.308,0
3,Parking,8,5,271,300,0.903,1
3,Parking,9,5,284,300,0.947,1
3,Parking,10,5,266,300,0.888,0
3,Parking,11,5,96,300,0.321,0
3,Parking,12,5,117,300,0.39,0
3,Parking,13,5,84,300,0.282,0
3,Parking,14,5,103,300,0.343,0
3,Parking,15,5,129,300,0.43,0
3,Parking,16,5,129,300,0.429,0
3,Parking,17,5,85,300,0.282,0
3,Parking,18,5,91,300,0.304,0
3,Parking,19,5,94,300,0.312,0
3,Parking,20,5,126,300,0.419,0
3,Parking,8,6,294,300,0.981,1
3,Parking,9,6,294,300,0.981,1
3,Parking,10,6,270,300,0.899,0
3,Parking,11,6,89,300,0.295,0
3,Parking,12,6,121,300,0.403,0
3,Parking,13,6,115,300,0.383,0
3,Parking,14,6,110,300,0.368,0
3,Parking,15,6,128,300,0.428,0
3,Parking,16,6,112,300,0.375,0
3,Parking,17,6,81,300,0.271,0
3,Parking,18,6,120,300,0.401,0
3,Parking,19,6,95,300,0.318,0
3,Parking,20,6,113,300,0.376,0
4,Lab,8,0,37,100,0.37,0
4,Lab,9,0,24,100,0.241,0
4,Lab,10,0,86,100,0.858,0
4,Lab,11,0,86,100,0.857,0
4,Lab,12,0,93,100,0.929,1
4,Lab,13,0,88,100,0.884,0
4,Lab,14,0,94,100,0.937,1
4,Lab,15,0,95,100,0.955,1
4,Lab,16,0,87,100,0.873,0
4,Lab,17,0,32,100,0.321,0
4,Lab,18,0,26,100,0.262,0
4,Lab,19,0,30,100,0.298,0
4,Lab,20,0,36,100,0.365,0
4,Lab,8,1,36,100,0.355,0
4,Lab,9,1,23,100,0.235,0
4,Lab,10,1,91,100,0.908,1
4,Lab,11,1,88,100,0.884,0
4,Lab,12,1,84,100,0.841,0
4,Lab,13,1,96,100,0.963,1
4,Lab,14,1,94,100,0.942,1
4,Lab,15,1,88,100,0.882,0
4,Lab,16,1,96,100,0.959,1
4,Lab,17,1,31,100,0.308,0
4,Lab,18,1,29,100,0.288,0
4,Lab,19,1,22,100,0.222,0
4,Lab,20,1,23,100,0.232,0
4,Lab,8,2,36,100,0.361,0
4,Lab,9,2,36,100,0.365,0
4,Lab,10,2,93,100,0.927,1
4,Lab,11,2,97,100,0.974,1
4,Lab,12,2,93,100,0.933,1
4,Lab,13,2,86,100,0.864,0
4,Lab,14,2,86,100,0.86,0
4,Lab,15,2,89,100,0.889,0
4,Lab,16,2,98,100,0.984,1
4,Lab,17,2,35,100,0.347,0
4,Lab,18,2,36,100,0.358,0
4,Lab,19,2,36,100,0.364,0
4,Lab,20,2,25,100,0.254,0
4,Lab,8,3,26,100,0.26,0
4,Lab,9,3,24,100,0.236,0
4,Lab,10,3,96,100,0.965,1
4,Lab,11,3,98,100,0.981,1
4,Lab,12,3,91,100,0.905,1
4,Lab,13,3,94,100,0.939,1
4,Lab,14,3,86,100,0.865,0
4,Lab,15,3,99,100,0.989,1
4,Lab,16,3,98,100,0.978,1
4,Lab,17,3,38,100,0.376,0
4,Lab,18,3,35,100,0.35,0
4,Lab,19,3,36,100,0.361,0
4,Lab,20,3,22,100,0.224,0
4,Lab,8,4,34,100,0.338,0
4,Lab,9,4,27,100,0.273,0
4,Lab,10,4,99,100,0.989,1
4,Lab,11,4,97,100,0.968,1
4,Lab,12,4,98,100,0.978,1
4,Lab,13,4,97,100,0.97,1
4,Lab,14,4,88,100,0.883,0
4,Lab,15,4,97,100,0.966,1
4,Lab,16,4,86,100,0.857,0
4,Lab,17,4,36,100,0.36,0
4,Lab,18,4,36,100,0.357,0
4,Lab,19,4,26,100,0.256,0
4,Lab,20,4,35,100,0.351,0
4,Lab,8,5,29,100,0.294,0
4,Lab,9,5,27,100,0.269,0
4,Lab,10,5,97,100,0.967,1
4,Lab,11,5,88,100,0.876,0
4,Lab,12,5,84,100,0.844,0
4,Lab,13,5,87,100,0.871,0
4,Lab,14,5,89,100,0.893,0
4,Lab,15,5,98,100,0.978,1
4,Lab,16,5,99,100,0.995,1
4,Lab,17,5,26,100,0.265,0
4,Lab,18,5,32,100,0.323,0
4,Lab,19,5,28,100,0.284,0
4,Lab,20,5,38,100,0.377,0
4,Lab,8,6,31,100,0.306,0
4,Lab,9,6,37,100,0.37,0
4,Lab,10,6,86,100,0.858,0
4,Lab,11,6,100,100,0.995,1
4,Lab,12,6,87,100,0.869,0
4,Lab,13,6,99,100,0.994,1
4,Lab,14,6,88,100,0.882,0
4,Lab,15,6,86,100,0.857,0
4,Lab,16,6,91,100,0.91,1
4,Lab,17,6,34,100,0.337,0
4,Lab,18,6,27,100,0.27,0
4,Lab,19,6,32,100,0.317,0
4,Lab,20,6,30,100,0.302,0
5,Admin Office,8,0,15,80,0.182,0
5,Admin Office,9,0,17,80,0.212,0
5,Admin Office,10,0,70,80,0.881,0
5,Admin Office,11,0,76,80,0.953,1
5,Admin Office,12,0,67,80,0.84,0
5,Admin Office,13,0,79,80,0.988,1
5,Admin Office,14,0,74,80,0.926,1
5,Admin Office,15,0,76,80,0.955,1
5,Admin Office,16,0,77,80,0.959,1
5,Admin Office,17,0,18,80,0.227,0
5,Admin Office,18,0,14,80,0.178,0
5,Admin Office,19,0,10,80,0.131,0
5,Admin Office,20,0,18,80,0.226,0
5,Admin Office,8,1,14,80,0.173,0
5,Admin Office,9,1,14,80,0.17,0
5,Admin Office,10,1,78,80,0.976,1
5,Admin Office,11,1,76,80,0.955,1
5,Admin Office,12,1,71,80,0.888,0
5,Admin Office,13,1,71,80,0.889,0
5,Admin Office,14,1,72,80,0.905,1
5,Admin Office,15,1,72,80,0.904,1
5,Admin Office,16,1,71,80,0.887,0
5,Admin Office,17,1,11,80,0.14,0
5,Admin Office,18,1,15,80,0.187,0
5,Admin Office,19,1,22,80,0.27,0
5,Admin Office,20,1,18,80,0.228,0
5,Admin Office,8,2,21,80,0.264,0
5,Admin Office,9,2,17,80,0.218,0
5,Admin Office,10,2,71,80,0.888,0
5,Admin Office,11,2,74,80,0.928,1
5,Admin Office,12,2,67,80,0.84,0
5,Admin Office,13,2,71,80,0.886,0
5,Admin Office,14,2,73,80,0.909,1
5,Admin Office,15,2,75,80,0.933,1
5,Admin Office,16,2,76,80,0.945,1
5,Admin Office,17,2,16,80,0.194,0
5,Admin Office,18,2,15,80,0.191,0
5,Admin Office,19,2,12,80,0.154,0
5,Admin Office,20,2,16,80,0.196,0
5,Admin Office,8,3,21,80,0.264,0
5,Admin Office,9,3,20,80,0.247,0
5,Admin Office,10,3,69,80,0.867,0
5,Admin Office,11,3,68,80,0.854,0
5,Admin Office,12,3,74,80,0.922,1
5,Admin Office,13,3,75,80,0.941,1
5,Admin Office,14,3,71,80,0.894,0
5,Admin Office,15,3,78,80,0.971,1
5,Admin Office,16,3,77,80,0.96,1
5,Admin Office,17,3,18,80,0.228,0
5,Admin Office,18,3,12,80,0.156,0
5,Admin Office,19,3,12,80,0.152,0
5,Admin Office,20,3,10,80,0.124,0
5,Admin Office,8,4,13,80,0.159,0
5,Admin Office,9,4,16,80,0.196,0
5,Admin Office,10,4,78,80,0.976,1
5,Admin Office,11,4,68,80,0.852,0
5,Admin Office,12,4,73,80,0.906,1
5,Admin Office,13,4,75,80,0.941,1
5,Admin Office,14,4,70,80,0.871,0
5,Admin Office,15,4,76,80,0.951,1
5,Admin Office,16,4,74,80,0.919,1
5,Admin Office,17,4,13,80,0.159,0
5,Admin Office,18,4,18,80,0.225,0
5,Admin Office,19,4,10,80,0.121,0
5,Admin Office,20,4,19,80,0.24,0
5,Admin Office,8,5,19,80,0.243,0
5,Admin Office,9,5,11,80,0.137,0
5,Admin Office,10,5,73,80,0.908,1
5,Admin Office,11,5,69,80,0.868,0
5,Admin Office,12,5,79,80,0.993,1
5,Admin Office,13,5,74,80,0.923,1
5,Admin Office,14,5,68,80,0.848,0
5,Admin Office,15,5,70,80,0.88,0
5,Admin Office,16,5,78,80,0.976,1
5,Admin Office,17,5,15,80,0.193,0
5,Admin Office,18,5,20,80,0.248,0
5,Admin Office,19,5,18,80,0.227,0
5,Admin Office,20,5,22,80,0.278,0
5,Admin Office,8,6,17,80,0.215,0
5,Admin Office,9,6,22,80,0.272,0
5,Admin Office,10,6,79,80,0.983,1
5,Admin Office,11,6,75,80,0.938,1
5,Admin Office,12,6,76,80,0.955,1
5,Admin Office,13,6,74,80,0.921,1
5,Admin Office,14,6,78,80,0.973,1
5,Admin Office,15,6,74,80,0.928,1
5,Admin Office,16,6,79,80,0.984,1
5,Admin Office,17,6,19,80,0.239,0
5,Admin Office,18,6,16,80,0.196,0
5,Admin Office,19,6,13,80,0.161,0
5,Admin Office,20,6,13,80,0.16,0
